﻿<?xml version="1.0" encoding="utf-8" ?>
<Defs>

  <GameConditionDef>
    <defName>yyCold</defName>
    <conditionClass>yayoPlanet.GameCondition_yyCold</conditionClass>
    <label>IceAge is Coming</label>
    <description>The ice age is coming in the 4th quarter.</description>
    <canBePermanent>true</canBePermanent>
    <endMessage></endMessage>
  </GameConditionDef>

  <GameConditionDef>
    <defName>yyHot</defName>
    <conditionClass>yayoPlanet.GameCondition_yyHot</conditionClass>
    <label>Inferno is Coming</label>
    <description>Inferno is coming in the 4th quarter.</description>
    <canBePermanent>true</canBePermanent>
    <endMessage></endMessage>
  </GameConditionDef>

  <GameConditionDef>
    <defName>yyTornado</defName>
    <conditionClass>yayoPlanet.GameCondition_yyTornado</conditionClass>
    <label>Sandstorm is Coming</label>
    <description>Sandstorm is coming in the 4th quarter.</description>
    <canBePermanent>true</canBePermanent>
    <endMessage></endMessage>
  </GameConditionDef>




  
</Defs>